Date,State,Residential_Consumption_kWh,Avg_Temperature_C
1-1-25,Uttar Pradesh,158333900.5,18
2-1-25,Uttar Pradesh,243261885.3,16.2
3-1-25,Uttar Pradesh,121726940.4,13.7
4-1-25,Uttar Pradesh,173406907.4,20
5-1-25,Uttar Pradesh,230388411.7,13.1
6-1-25,Uttar Pradesh,198765399,11.1
7-1-25,Uttar Pradesh,228751074.2,16.2
8-1-25,Uttar Pradesh,233857852.9,17.2
9-1-25,Uttar Pradesh,154616228.3,13.1
10-1-25,Uttar Pradesh,171466799.3,15.7
11-1-25,Uttar Pradesh,185601988.4,6.6
12-1-25,Uttar Pradesh,180995668.8,9.7
13-1-25,Uttar Pradesh,196938675.5,17.1
14-1-25,Uttar Pradesh,182821855.3,12.8
15-1-25,Uttar Pradesh,182732654.2,16.7
16-1-25,Uttar Pradesh,197038948,16
17-1-25,Uttar Pradesh,219484687.7,21.7
18-1-25,Uttar Pradesh,176554089.7,9.9
19-1-25,Uttar Pradesh,198617076.3,18.2
20-1-25,Uttar Pradesh,251255012.9,18.7
21-1-25,Uttar Pradesh,166650582.3,17.4
22-1-25,Uttar Pradesh,175491788.7,15.5
23-1-25,Uttar Pradesh,224373514.8,17.4
24-1-25,Uttar Pradesh,223521575.2,21.3
25-1-25,Uttar Pradesh,204335650,12.5
26-1-25,Uttar Pradesh,207355212.4,20.5
27-1-25,Uttar Pradesh,179113112.6,14.6
28-1-25,Uttar Pradesh,252548586,12.6
29-1-25,Uttar Pradesh,233208438.8,12.9
30-1-25,Uttar Pradesh,168315182.2,16.4
31-1-25,Uttar Pradesh,173308193.2,11.4
1-2-25,Uttar Pradesh,166843392,20.9
2-2-25,Uttar Pradesh,235892174.5,16.2
3-2-25,Uttar Pradesh,225103736.4,20.5
4-2-25,Uttar Pradesh,157456057,15.9
5-2-25,Uttar Pradesh,181079823.7,23
6-2-25,Uttar Pradesh,204515740.4,27.8
7-2-25,Uttar Pradesh,175322292.8,17.2
8-2-25,Uttar Pradesh,213224096.8,15.2
9-2-25,Uttar Pradesh,230026349.5,17.9
10-2-25,Uttar Pradesh,234812712.8,20.8
11-2-25,Uttar Pradesh,184914309.5,17.6
12-2-25,Uttar Pradesh,241362288.3,13.9
13-2-25,Uttar Pradesh,208194016.3,19.4
14-2-25,Uttar Pradesh,247202293.8,19.2
15-2-25,Uttar Pradesh,202893372.6,19.6
16-2-25,Uttar Pradesh,203833567.7,18.3
17-2-25,Uttar Pradesh,216808516,16.3
18-2-25,Uttar Pradesh,220891665.5,21
19-2-25,Uttar Pradesh,142434363.7,14.5
20-2-25,Uttar Pradesh,171836639.4,20.4
21-2-25,Uttar Pradesh,186364053.1,23.1
22-2-25,Uttar Pradesh,212980308.5,24.6
23-2-25,Uttar Pradesh,184660648.4,16.9
24-2-25,Uttar Pradesh,159786420.2,20.5
25-2-25,Uttar Pradesh,196231078.1,24.1
26-2-25,Uttar Pradesh,203461269.2,19.4
27-2-25,Uttar Pradesh,158344982.4,21.1
28-2-25,Uttar Pradesh,227640809.2,16.7
1-3-25,Uttar Pradesh,217075700.8,28.3
2-3-25,Uttar Pradesh,188054215.6,27.8
3-3-25,Uttar Pradesh,240026888.2,26.4
4-3-25,Uttar Pradesh,226294186.2,32.4
5-3-25,Uttar Pradesh,244831553,31.8
6-3-25,Uttar Pradesh,223667103.7,32.4
7-3-25,Uttar Pradesh,207915444.6,32.1
8-3-25,Uttar Pradesh,210971152.4,25.1
9-3-25,Uttar Pradesh,221318998.8,24.2
10-3-25,Uttar Pradesh,238451029.6,27.6
11-3-25,Uttar Pradesh,219645214.5,25.3
12-3-25,Uttar Pradesh,207737328,27.7
13-3-25,Uttar Pradesh,221868288.8,27
14-3-25,Uttar Pradesh,280963921.5,30.1
15-3-25,Uttar Pradesh,229458964.2,28
16-3-25,Uttar Pradesh,229493600.1,25.3
17-3-25,Uttar Pradesh,266810870.8,26.2
18-3-25,Uttar Pradesh,217653230.3,23.8
19-3-25,Uttar Pradesh,188097015.7,26.9
20-3-25,Uttar Pradesh,240122627.7,29.1
21-3-25,Uttar Pradesh,213105027.1,22.8
22-3-25,Uttar Pradesh,173250160.6,26.3
23-3-25,Uttar Pradesh,199530507.4,24.9
24-3-25,Uttar Pradesh,183820675.3,23.9
25-3-25,Uttar Pradesh,232569200.2,21.4
26-3-25,Uttar Pradesh,171104196.7,30.3
27-3-25,Uttar Pradesh,246046313.9,30.1
28-3-25,Uttar Pradesh,252941536.1,27.4
29-3-25,Uttar Pradesh,219282456.2,28.1
30-3-25,Uttar Pradesh,233521564.6,27
31-3-25,Uttar Pradesh,292092602.3,32.1
1-4-25,Uttar Pradesh,348229406.6,36.5
2-4-25,Uttar Pradesh,233641736.3,27.3
3-4-25,Uttar Pradesh,304084891,34.3
4-4-25,Uttar Pradesh,270244053.6,34
5-4-25,Uttar Pradesh,269237446.1,32.2
6-4-25,Uttar Pradesh,299233175.1,35.6
7-4-25,Uttar Pradesh,323165339.2,35.3
8-4-25,Uttar Pradesh,234718107.7,29.2
9-4-25,Uttar Pradesh,232501849.8,32
10-4-25,Uttar Pradesh,270577345.7,36.1
11-4-25,Uttar Pradesh,237718566,32
12-4-25,Uttar Pradesh,319555344.9,33
13-4-25,Uttar Pradesh,206315584.6,32.6
14-4-25,Uttar Pradesh,234768187.3,32.7
15-4-25,Uttar Pradesh,210222405.8,37.8
16-4-25,Uttar Pradesh,293361510.6,31
17-4-25,Uttar Pradesh,319501426.1,31.4
18-4-25,Uttar Pradesh,305350916.1,28
19-4-25,Uttar Pradesh,276862934.9,36.5
20-4-25,Uttar Pradesh,302396979.7,36.2
21-4-25,Uttar Pradesh,279380642.3,37.9
22-4-25,Uttar Pradesh,258143384.4,30.5
23-4-25,Uttar Pradesh,332929644.8,36
24-4-25,Uttar Pradesh,280246986,29.7
25-4-25,Uttar Pradesh,279300212.5,32
26-4-25,Uttar Pradesh,201543185.6,33.8
27-4-25,Uttar Pradesh,254730633.3,29.9
28-4-25,Uttar Pradesh,265517403,37.6
29-4-25,Uttar Pradesh,280804294.6,35.3
30-4-25,Uttar Pradesh,152867195.8,31.6
1-5-25,Uttar Pradesh,285718100.5,37.2
2-5-25,Uttar Pradesh,216831432.4,42.1
3-5-25,Uttar Pradesh,252968917.8,36.7
4-5-25,Uttar Pradesh,273328675,41.4
5-5-25,Uttar Pradesh,280683369.9,38.5
6-5-25,Uttar Pradesh,206060118.1,36.2
7-5-25,Uttar Pradesh,237841946.7,35.2
8-5-25,Uttar Pradesh,286814826.1,35.6
9-5-25,Uttar Pradesh,206423394.8,34.6
10-5-25,Uttar Pradesh,274424909.9,32.7
11-5-25,Uttar Pradesh,365977949.6,35.1
12-5-25,Uttar Pradesh,271778149.5,40.4
13-5-25,Uttar Pradesh,329852725.1,38.4
14-5-25,Uttar Pradesh,297345516.6,35.8
15-5-25,Uttar Pradesh,285816525.3,34.6
16-5-25,Uttar Pradesh,231902777,42
17-5-25,Uttar Pradesh,270210188.4,38.3
18-5-25,Uttar Pradesh,272384597.4,37.6
19-5-25,Uttar Pradesh,300712133.1,41.5
20-5-25,Uttar Pradesh,254359339,32.6
21-5-25,Uttar Pradesh,268611503.8,38.7
22-5-25,Uttar Pradesh,277920091.1,40.3
23-5-25,Uttar Pradesh,266366654.9,34.1
24-5-25,Uttar Pradesh,159553012.3,37.6
25-5-25,Uttar Pradesh,287766004.2,40.6
26-5-25,Uttar Pradesh,236640361.9,34.2
27-5-25,Uttar Pradesh,304977025.6,37.7
28-5-25,Uttar Pradesh,372214154.4,36.7
29-5-25,Uttar Pradesh,240313445.4,34.7
30-5-25,Uttar Pradesh,317425466.2,35.8
31-5-25,Uttar Pradesh,257418422.8,38.5
1-6-25,Uttar Pradesh,238695340.5,33
2-6-25,Uttar Pradesh,307492324.2,37.6
3-6-25,Uttar Pradesh,393987657.5,39.1
4-6-25,Uttar Pradesh,330723952.7,32.3
5-6-25,Uttar Pradesh,290195236.5,32.4
6-6-25,Uttar Pradesh,225643595.7,34.8
7-6-25,Uttar Pradesh,267811814.5,34.9
8-6-25,Uttar Pradesh,279933452.7,30.2
9-6-25,Uttar Pradesh,294470397.6,30.2
10-6-25,Uttar Pradesh,295390582,38.8
11-6-25,Uttar Pradesh,246387815.9,34.1
12-6-25,Uttar Pradesh,274534115.2,38.3
13-6-25,Uttar Pradesh,240210018.4,31.1
14-6-25,Uttar Pradesh,323460017,33.5
15-6-25,Uttar Pradesh,288731074.5,34.4
16-6-25,Uttar Pradesh,312494183.1,38.5
17-6-25,Uttar Pradesh,329885234.8,34.2
18-6-25,Uttar Pradesh,174462604.8,30.1
19-6-25,Uttar Pradesh,279243747.8,30.8
20-6-25,Uttar Pradesh,288479784.1,40
21-6-25,Uttar Pradesh,277505740.8,37.2
22-6-25,Uttar Pradesh,212480584.7,33.3
23-6-25,Uttar Pradesh,281407482.8,31.8
24-6-25,Uttar Pradesh,285141842.6,33.9
25-6-25,Uttar Pradesh,269740055.4,31.6
26-6-25,Uttar Pradesh,320877557,34.2
27-6-25,Uttar Pradesh,350094407.8,30.6
28-6-25,Uttar Pradesh,235731331.8,32.4
29-6-25,Uttar Pradesh,255494128.5,30.1
30-6-25,Uttar Pradesh,352363162.4,32.8
1-1-25,Maharashtra,92818139.6,15.1
2-1-25,Maharashtra,101184758,15.7
3-1-25,Maharashtra,74170617.14,12.5
4-1-25,Maharashtra,88026614.26,16.2
5-1-25,Maharashtra,118346101.3,17.1
6-1-25,Maharashtra,104926035,10.7
7-1-25,Maharashtra,99144642.2,15.7
8-1-25,Maharashtra,115639177.9,15.3
9-1-25,Maharashtra,66181598.91,15
10-1-25,Maharashtra,92771620.34,18.7
11-1-25,Maharashtra,109591775.8,14.4
12-1-25,Maharashtra,55229228.87,10.2
13-1-25,Maharashtra,81634727.14,14.6
14-1-25,Maharashtra,93904186.25,9.7
15-1-25,Maharashtra,98786752.14,19.6
16-1-25,Maharashtra,117821810.9,16
17-1-25,Maharashtra,106633473.6,12.2
18-1-25,Maharashtra,76458141.54,15
19-1-25,Maharashtra,115235540.3,18.3
20-1-25,Maharashtra,96236006.46,17.5
21-1-25,Maharashtra,78733366.46,16.8
22-1-25,Maharashtra,120825149.2,15.6
23-1-25,Maharashtra,103707240,12.8
24-1-25,Maharashtra,92668440.9,14.5
25-1-25,Maharashtra,80444099.94,17.4
26-1-25,Maharashtra,114184231.3,15.5
27-1-25,Maharashtra,87600410.02,12.6
28-1-25,Maharashtra,105821231.6,19
29-1-25,Maharashtra,118819971.4,16.7
30-1-25,Maharashtra,97154013.15,15.8
31-1-25,Maharashtra,76765727.85,12.7
1-2-25,Maharashtra,109456330.8,17.6
2-2-25,Maharashtra,107141104.8,24.2
3-2-25,Maharashtra,126476825.8,16.7
4-2-25,Maharashtra,81704383.66,20.5
5-2-25,Maharashtra,110374154,16.6
6-2-25,Maharashtra,90005994.5,17.9
7-2-25,Maharashtra,88197499.05,23.1
8-2-25,Maharashtra,78698024.92,20.1
9-2-25,Maharashtra,110434847.6,19.3
10-2-25,Maharashtra,92591255.06,20.8
11-2-25,Maharashtra,87733407.63,18
12-2-25,Maharashtra,64785368.43,19.5
13-2-25,Maharashtra,66558580.45,21.8
14-2-25,Maharashtra,84191339.87,15.3
15-2-25,Maharashtra,96333261.2,22.4
16-2-25,Maharashtra,112450018.4,23.3
17-2-25,Maharashtra,94151849.87,17.8
18-2-25,Maharashtra,108223581.7,18.4
19-2-25,Maharashtra,105554929.9,16.5
20-2-25,Maharashtra,92132802.86,24.8
21-2-25,Maharashtra,102673622.2,19.5
22-2-25,Maharashtra,113217159.4,16
23-2-25,Maharashtra,91323359.58,18.2
24-2-25,Maharashtra,121059783.7,19.9
25-2-25,Maharashtra,127086943.2,25.1
26-2-25,Maharashtra,76399470.58,22.3
27-2-25,Maharashtra,92805302.83,15.6
28-2-25,Maharashtra,100934575.9,21.8
1-3-25,Maharashtra,112824503.8,29.9
2-3-25,Maharashtra,144968084.1,24.7
3-3-25,Maharashtra,120229054.8,29.7
4-3-25,Maharashtra,125408484.1,31.9
5-3-25,Maharashtra,112426332.4,31.2
6-3-25,Maharashtra,98890381.6,35.5
7-3-25,Maharashtra,111979665.3,27.7
8-3-25,Maharashtra,93063020.84,24.8
9-3-25,Maharashtra,119577101,30.9
10-3-25,Maharashtra,161715454.8,30.4
11-3-25,Maharashtra,106164372.3,30.3
12-3-25,Maharashtra,126197766.9,31.7
13-3-25,Maharashtra,89576861.73,26.4
14-3-25,Maharashtra,100526086.5,31.2
15-3-25,Maharashtra,105116299.9,28.9
16-3-25,Maharashtra,121723199,26.3
17-3-25,Maharashtra,122442206.1,29.2
18-3-25,Maharashtra,130601323.6,31.1
19-3-25,Maharashtra,122291314.4,30.2
20-3-25,Maharashtra,113287390.6,32.9
21-3-25,Maharashtra,104875770,27.9
22-3-25,Maharashtra,88272695.07,27.2
23-3-25,Maharashtra,106865479.9,27.8
24-3-25,Maharashtra,83106054.84,23.5
25-3-25,Maharashtra,101375093.5,27.9
26-3-25,Maharashtra,127731428.6,26.5
27-3-25,Maharashtra,129003326.7,30.7
28-3-25,Maharashtra,91856787.55,24
29-3-25,Maharashtra,137616043.9,26
30-3-25,Maharashtra,96072526.99,27.3
31-3-25,Maharashtra,114509666.1,30.9
1-4-25,Maharashtra,109758661.3,31.8
2-4-25,Maharashtra,156534840.6,29.8
3-4-25,Maharashtra,128300776.5,38.4
4-4-25,Maharashtra,80650313.57,30.9
5-4-25,Maharashtra,124834530.7,27.9
6-4-25,Maharashtra,182618711.1,35
7-4-25,Maharashtra,183080116.3,34.7
8-4-25,Maharashtra,104441004,34.4
9-4-25,Maharashtra,127927467.9,36.9
10-4-25,Maharashtra,106509658.6,37.2
11-4-25,Maharashtra,131235026.8,31.4
12-4-25,Maharashtra,116293917.3,34.4
13-4-25,Maharashtra,155032693.5,30.7
14-4-25,Maharashtra,135752205.4,31.5
15-4-25,Maharashtra,132424555.4,40.8
16-4-25,Maharashtra,137349185.2,28
17-4-25,Maharashtra,142685399.4,31.7
18-4-25,Maharashtra,142768795.9,32.5
19-4-25,Maharashtra,142478217.6,35.2
20-4-25,Maharashtra,160253896.3,35.1
21-4-25,Maharashtra,120100474.3,27.5
22-4-25,Maharashtra,126706282.9,33.4
23-4-25,Maharashtra,129211729.4,31.1
24-4-25,Maharashtra,138118327.7,34.3
25-4-25,Maharashtra,127314457.6,32.7
26-4-25,Maharashtra,116196750.9,37.3
27-4-25,Maharashtra,156446466.8,33.1
28-4-25,Maharashtra,131991284.7,37.2
29-4-25,Maharashtra,140842380.7,26.8
30-4-25,Maharashtra,162002414.6,36.7
1-5-25,Maharashtra,160713510.1,38.9
2-5-25,Maharashtra,126446314.5,40.5
3-5-25,Maharashtra,132817027.6,38.3
4-5-25,Maharashtra,128703293.3,38.7
5-5-25,Maharashtra,139868575.8,40
6-5-25,Maharashtra,125081765.3,33
7-5-25,Maharashtra,119220803.7,38.1
8-5-25,Maharashtra,131343717.6,38.5
9-5-25,Maharashtra,123183290.2,36.2
10-5-25,Maharashtra,125996599.1,32.5
11-5-25,Maharashtra,144480303.8,35.7
12-5-25,Maharashtra,134741408.3,37.5
13-5-25,Maharashtra,147867424.8,39.6
14-5-25,Maharashtra,134565354.3,34.7
15-5-25,Maharashtra,131449347.6,37.7
16-5-25,Maharashtra,153838710.9,41
17-5-25,Maharashtra,117950559.8,32.8
18-5-25,Maharashtra,133456790.2,35.3
19-5-25,Maharashtra,149225750.4,43.1
20-5-25,Maharashtra,149012126.9,40.1
21-5-25,Maharashtra,152867198.1,40.5
22-5-25,Maharashtra,142562907.6,38.7
23-5-25,Maharashtra,138212979.5,40.2
24-5-25,Maharashtra,164523356.9,37.4
25-5-25,Maharashtra,139757626.8,41.5
26-5-25,Maharashtra,129251596,37.6
27-5-25,Maharashtra,124178512,38
28-5-25,Maharashtra,120152894.5,38.9
29-5-25,Maharashtra,185259885.6,37.9
30-5-25,Maharashtra,119644331.9,36.9
31-5-25,Maharashtra,128947613.3,37.7
1-6-25,Maharashtra,116302997.6,32.5
2-6-25,Maharashtra,157826702.8,32.6
3-6-25,Maharashtra,152469587.9,36.8
4-6-25,Maharashtra,126496157.5,38.4
5-6-25,Maharashtra,145855816.1,38
6-6-25,Maharashtra,155749409.8,39.2
7-6-25,Maharashtra,122568358.1,37
8-6-25,Maharashtra,135991992.1,35.3
9-6-25,Maharashtra,135914877.7,33.3
10-6-25,Maharashtra,149904778.2,35.3
11-6-25,Maharashtra,71557731.75,31.9
12-6-25,Maharashtra,168928778.4,31.2
13-6-25,Maharashtra,125304849.4,37.5
14-6-25,Maharashtra,108853179.6,35.5
15-6-25,Maharashtra,146192000.3,36
16-6-25,Maharashtra,104886936.5,34.3
17-6-25,Maharashtra,145481076.7,35.7
18-6-25,Maharashtra,134958761.5,32.1
19-6-25,Maharashtra,127815553.8,33.1
20-6-25,Maharashtra,115429928.6,34.8
21-6-25,Maharashtra,148587422.3,38.3
22-6-25,Maharashtra,117433030,34.8
23-6-25,Maharashtra,134003623.5,35.3
24-6-25,Maharashtra,145819955.9,36
25-6-25,Maharashtra,136614732.7,34.1
26-6-25,Maharashtra,154287468.2,35
27-6-25,Maharashtra,130590017.8,28.7
28-6-25,Maharashtra,134451348.9,30.4
29-6-25,Maharashtra,124024876.9,37
30-6-25,Maharashtra,134362594.3,31.9
1-1-25,Bihar,92872514.58,16.9
2-1-25,Bihar,90450230.43,16.7
3-1-25,Bihar,87258240.55,16.7
4-1-25,Bihar,120994890.6,17
5-1-25,Bihar,104488232.7,9.4
6-1-25,Bihar,75331571.27,13.7
7-1-25,Bihar,111747274.4,16.7
8-1-25,Bihar,99619363.39,13
9-1-25,Bihar,127396245.7,12.5
10-1-25,Bihar,125043848.4,15.6
11-1-25,Bihar,100941630.7,12.4
12-1-25,Bihar,107483829.3,16
13-1-25,Bihar,116637708.7,15.6
14-1-25,Bihar,106516354.2,13.5
15-1-25,Bihar,110961059,13.9
16-1-25,Bihar,77756827.98,12.3
17-1-25,Bihar,116177353.6,17.1
18-1-25,Bihar,89787261.1,17.4
19-1-25,Bihar,87012694.78,13
20-1-25,Bihar,101128557.7,18.3
21-1-25,Bihar,93495468.08,14.8
22-1-25,Bihar,110600859.1,13.9
23-1-25,Bihar,94406592.57,15.8
24-1-25,Bihar,103747860.6,15.5
25-1-25,Bihar,125826575.8,8.7
26-1-25,Bihar,109934227.8,20.5
27-1-25,Bihar,119574203.3,13.8
28-1-25,Bihar,99366898.3,15.5
29-1-25,Bihar,110762740.1,16
30-1-25,Bihar,102642963,18.1
31-1-25,Bihar,118618352.5,12.5
1-2-25,Bihar,108937390.4,23.7
2-2-25,Bihar,91637815.22,13.7
3-2-25,Bihar,124732271.1,20
4-2-25,Bihar,106002768.3,19.5
5-2-25,Bihar,100451867.4,23.4
6-2-25,Bihar,109958222.7,19.2
7-2-25,Bihar,106795946.9,23.2
8-2-25,Bihar,97391671.49,14.2
9-2-25,Bihar,125997350.7,19.2
10-2-25,Bihar,106673170.4,21
11-2-25,Bihar,109795193.4,17.4
12-2-25,Bihar,115191683.8,20.9
13-2-25,Bihar,107778789.3,23.1
14-2-25,Bihar,123068192.8,20.5
15-2-25,Bihar,95748809.34,23
16-2-25,Bihar,83024003.41,19.9
17-2-25,Bihar,133891531.8,15
18-2-25,Bihar,121246468.5,21.4
19-2-25,Bihar,89763318.47,18
20-2-25,Bihar,100622022.7,22.1
21-2-25,Bihar,126556627.2,16.7
22-2-25,Bihar,100526801.4,19.2
23-2-25,Bihar,88591686.69,13.6
24-2-25,Bihar,105204117.6,21.9
25-2-25,Bihar,89150071.3,19.7
26-2-25,Bihar,103100618,23
27-2-25,Bihar,94159905.9,16.7
28-2-25,Bihar,130460830.2,27.7
1-3-25,Bihar,118528043.6,28.1
2-3-25,Bihar,93825349.12,25.9
3-3-25,Bihar,121807931.5,26.6
4-3-25,Bihar,109828841.2,28.7
5-3-25,Bihar,118572749.4,24.3
6-3-25,Bihar,148232364.7,33.2
7-3-25,Bihar,134036654.2,26.3
8-3-25,Bihar,124630579.3,26.8
9-3-25,Bihar,130886967.5,26.1
10-3-25,Bihar,108638119.2,26.2
11-3-25,Bihar,114601849.3,25.7
12-3-25,Bihar,128586712.7,25.2
13-3-25,Bihar,136710542.5,28.7
14-3-25,Bihar,95013078.91,26.2
15-3-25,Bihar,127098498,31
16-3-25,Bihar,152996459,27.3
17-3-25,Bihar,98966047.68,29.6
18-3-25,Bihar,100953010.5,23.7
19-3-25,Bihar,124687572.2,30.8
20-3-25,Bihar,101053813.4,24.4
21-3-25,Bihar,107344311.8,29.1
22-3-25,Bihar,105653742.5,27.6
23-3-25,Bihar,133997586.6,32.3
24-3-25,Bihar,135549399.8,24.3
25-3-25,Bihar,119093905.8,24.8
26-3-25,Bihar,92944977.01,27.8
27-3-25,Bihar,137797938.2,29.4
28-3-25,Bihar,130221116.5,27.5
29-3-25,Bihar,82054878.93,23.5
30-3-25,Bihar,103717373.9,25.5
31-3-25,Bihar,126740582,25.4
1-4-25,Bihar,125039718.1,33.7
2-4-25,Bihar,143065131.3,36.1
3-4-25,Bihar,152723218.4,32.8
4-4-25,Bihar,106088591.4,35.9
5-4-25,Bihar,131407702.1,38.6
6-4-25,Bihar,134836099.2,35.8
7-4-25,Bihar,141911722.6,34.5
8-4-25,Bihar,160904880.1,35.9
9-4-25,Bihar,154401983.1,29.8
10-4-25,Bihar,187255122.2,32
11-4-25,Bihar,143207025.8,36
12-4-25,Bihar,161686668.1,33.1
13-4-25,Bihar,147680931.9,37
14-4-25,Bihar,159650417.1,37.4
15-4-25,Bihar,141311026.7,30.7
16-4-25,Bihar,129723048.5,25.2
17-4-25,Bihar,117260286.3,34.4
18-4-25,Bihar,145167120.2,35.9
19-4-25,Bihar,141867099.3,32.7
20-4-25,Bihar,156219374,37.6
21-4-25,Bihar,158399742.2,27.5
22-4-25,Bihar,161815207.8,30.9
23-4-25,Bihar,127957347.7,35.6
24-4-25,Bihar,116980325.8,37.3
25-4-25,Bihar,155025332.6,29
26-4-25,Bihar,150820550.1,29.2
27-4-25,Bihar,166922363.9,34.8
28-4-25,Bihar,176787608.1,32.8
29-4-25,Bihar,126028682.8,33
30-4-25,Bihar,146582837.3,37.1
1-5-25,Bihar,178792747.7,36.4
2-5-25,Bihar,156610586.4,40.4
3-5-25,Bihar,136898898.3,39.9
4-5-25,Bihar,167652662.7,34
5-5-25,Bihar,164501049.6,37.8
6-5-25,Bihar,174438699.2,35
7-5-25,Bihar,135440320.9,35
8-5-25,Bihar,125491526.7,42.5
9-5-25,Bihar,121326814.5,36
10-5-25,Bihar,96923398.04,39.2
11-5-25,Bihar,135242509.4,39.4
12-5-25,Bihar,170274270.8,38.2
13-5-25,Bihar,131049542.6,35.6
14-5-25,Bihar,135910262.8,39
15-5-25,Bihar,185848791.6,35.3
16-5-25,Bihar,119679346.7,39.4
17-5-25,Bihar,169128231.3,39.1
18-5-25,Bihar,118467018.7,36.3
19-5-25,Bihar,164045155.7,35.8
20-5-25,Bihar,165405539.6,35.5
21-5-25,Bihar,146598969,37.4
22-5-25,Bihar,122946683,35
23-5-25,Bihar,157359376.4,36
24-5-25,Bihar,121208987.3,38.1
25-5-25,Bihar,110955669.4,39.6
26-5-25,Bihar,164518178.1,42.3
27-5-25,Bihar,147236798.9,37.4
28-5-25,Bihar,173211685.6,31.8
29-5-25,Bihar,169276504.9,38.8
30-5-25,Bihar,148750596.9,41.5
31-5-25,Bihar,145314695.7,37.2
1-6-25,Bihar,176302206.3,35.7
2-6-25,Bihar,155087770.7,33.7
3-6-25,Bihar,125965664,36.6
4-6-25,Bihar,151998349.2,35.6
5-6-25,Bihar,132838639,37.1
6-6-25,Bihar,162416958.1,34.6
7-6-25,Bihar,141797666.5,37.1
8-6-25,Bihar,164391746.6,31.3
9-6-25,Bihar,186243972.9,31.2
10-6-25,Bihar,131233825.2,37.9
11-6-25,Bihar,148624402.8,27.5
12-6-25,Bihar,129220690.1,36.5
13-6-25,Bihar,156962584.1,31.6
14-6-25,Bihar,119648497.4,37.1
15-6-25,Bihar,143389495.6,36.1
16-6-25,Bihar,186278109.3,33.7
17-6-25,Bihar,142010589.5,33.8
18-6-25,Bihar,110744056.9,33.2
19-6-25,Bihar,105600764,35.5
20-6-25,Bihar,151213808,35
21-6-25,Bihar,135759547.7,33.9
22-6-25,Bihar,182678891.6,32.9
23-6-25,Bihar,165221883.9,38.6
24-6-25,Bihar,159073959.1,33.3
25-6-25,Bihar,174593029.3,38.7
26-6-25,Bihar,176241366.8,38.6
27-6-25,Bihar,188391949.4,31.7
28-6-25,Bihar,146507758.6,29.2
29-6-25,Bihar,169615507.8,35.4
30-6-25,Bihar,144948556.3,30.7
1-1-25,West Bengal,93161128.1,19.4
2-1-25,West Bengal,62265594.06,14.9
3-1-25,West Bengal,103119350.3,18.6
4-1-25,West Bengal,71005842.91,14.3
5-1-25,West Bengal,82435581.33,9.8
6-1-25,West Bengal,67371056.05,11.7
7-1-25,West Bengal,94955362.04,13.9
8-1-25,West Bengal,74933303.11,12.8
9-1-25,West Bengal,63854451.44,17.1
10-1-25,West Bengal,91204911.7,13.2
11-1-25,West Bengal,63443583.14,11.4
12-1-25,West Bengal,59337974.92,13
13-1-25,West Bengal,86375052.22,16.5
14-1-25,West Bengal,68013281.73,16.8
15-1-25,West Bengal,85287547.77,12.1
16-1-25,West Bengal,53318389.35,11
17-1-25,West Bengal,84048097.47,17.2
18-1-25,West Bengal,63611703.08,18.9
19-1-25,West Bengal,91793263.66,10.9
20-1-25,West Bengal,81260510.25,19.6
21-1-25,West Bengal,74747565.76,14.2
22-1-25,West Bengal,81586769.22,17.1
23-1-25,West Bengal,59691414.7,14.6
24-1-25,West Bengal,69220273.05,15.4
25-1-25,West Bengal,72498912.39,16.8
26-1-25,West Bengal,78721637.51,16.8
27-1-25,West Bengal,73076212.97,16.5
28-1-25,West Bengal,95842740.15,19.5
29-1-25,West Bengal,80747608.19,8
30-1-25,West Bengal,87989550.01,17.4
31-1-25,West Bengal,69215547.32,13.7
1-2-25,West Bengal,64407346.38,22.3
2-2-25,West Bengal,73086242.35,20.7
3-2-25,West Bengal,63924892.23,17.9
4-2-25,West Bengal,81646861.12,22.6
5-2-25,West Bengal,72953545.75,16.4
6-2-25,West Bengal,87425385.63,18.4
7-2-25,West Bengal,73470448.1,21
8-2-25,West Bengal,77243135.82,20.3
9-2-25,West Bengal,93328332.69,23.9
10-2-25,West Bengal,74022589.2,18.1
11-2-25,West Bengal,80584072.2,18.8
12-2-25,West Bengal,95914661.86,16.2
13-2-25,West Bengal,64760093.48,20.6
14-2-25,West Bengal,60043217.49,13.9
15-2-25,West Bengal,70278635.48,18.6
16-2-25,West Bengal,87716764.77,20.3
17-2-25,West Bengal,90962758.26,18.4
18-2-25,West Bengal,85511635.98,18.1
19-2-25,West Bengal,34175739.44,16.6
20-2-25,West Bengal,70334791.16,16.4
21-2-25,West Bengal,74261928.88,16.1
22-2-25,West Bengal,77073661.46,23.2
23-2-25,West Bengal,72708178.27,22.4
24-2-25,West Bengal,62967037.57,18.2
25-2-25,West Bengal,73477520.4,28.6
26-2-25,West Bengal,84457847.21,22.3
27-2-25,West Bengal,75979318.94,23.1
28-2-25,West Bengal,76554890.84,15.4
1-3-25,West Bengal,103190249.4,32.1
2-3-25,West Bengal,82032420.11,32.2
3-3-25,West Bengal,104018387,26.4
4-3-25,West Bengal,62119093.96,25.7
5-3-25,West Bengal,83061740.06,30.9
6-3-25,West Bengal,111766752.9,29
7-3-25,West Bengal,69055105.52,31.7
8-3-25,West Bengal,68885073.83,28
9-3-25,West Bengal,106123328.1,27.6
10-3-25,West Bengal,101665368.4,26.8
11-3-25,West Bengal,41800773.22,31.4
12-3-25,West Bengal,116351097.9,23.5
13-3-25,West Bengal,92672087.45,26.7
14-3-25,West Bengal,85655084.61,27.3
15-3-25,West Bengal,100595840.4,24.7
16-3-25,West Bengal,70428711.76,28.9
17-3-25,West Bengal,84869006.22,30.9
18-3-25,West Bengal,97678801.79,26.9
19-3-25,West Bengal,73174147.94,24.9
20-3-25,West Bengal,59826311.02,25.5
21-3-25,West Bengal,75774896.14,26.2
22-3-25,West Bengal,89255144.47,25.8
23-3-25,West Bengal,89393594.32,22.6
24-3-25,West Bengal,74529052.7,28.2
25-3-25,West Bengal,88319491.9,29.9
26-3-25,West Bengal,97238097.34,27.3
27-3-25,West Bengal,108167601.4,26.6
28-3-25,West Bengal,77812140.64,25.7
29-3-25,West Bengal,103502599.7,29.9
30-3-25,West Bengal,84852939,29.4
31-3-25,West Bengal,86076823.59,28.5
1-4-25,West Bengal,75786874.19,32.6
2-4-25,West Bengal,106787630.5,30.8
3-4-25,West Bengal,99700827.39,37.8
4-4-25,West Bengal,101537206.3,30.2
5-4-25,West Bengal,123940912.6,36.4
6-4-25,West Bengal,121082140.1,35.1
7-4-25,West Bengal,122996223,29.8
8-4-25,West Bengal,110500744,37.8
9-4-25,West Bengal,112381480.5,35.1
10-4-25,West Bengal,113525229.4,38.4
11-4-25,West Bengal,134533763,33.4
12-4-25,West Bengal,140058704.3,31.6
13-4-25,West Bengal,110277945.6,28.9
14-4-25,West Bengal,124628022,31.7
15-4-25,West Bengal,114655972.2,30.6
16-4-25,West Bengal,102312929.3,33.6
17-4-25,West Bengal,105031206.2,34.5
18-4-25,West Bengal,106506552.5,34.6
19-4-25,West Bengal,91457691.64,34.6
20-4-25,West Bengal,125373325.1,37.7
21-4-25,West Bengal,118594978.2,32.5
22-4-25,West Bengal,124487546.5,34.5
23-4-25,West Bengal,126035031,36.2
24-4-25,West Bengal,95765916.54,34.6
25-4-25,West Bengal,114060528.9,33.6
26-4-25,West Bengal,111306007.6,32.5
27-4-25,West Bengal,127845552.9,31.9
28-4-25,West Bengal,103722199.2,29.8
29-4-25,West Bengal,133583506.8,31
30-4-25,West Bengal,141674589.6,31.2
1-5-25,West Bengal,154596120.1,38.5
2-5-25,West Bengal,82754635.01,42.2
3-5-25,West Bengal,137766317.5,37.3
4-5-25,West Bengal,119584258.2,35.4
5-5-25,West Bengal,103420867.6,37.5
6-5-25,West Bengal,97677638.59,39.6
7-5-25,West Bengal,102157070.1,37.6
8-5-25,West Bengal,122967595.6,36.1
9-5-25,West Bengal,100340589.9,33.7
10-5-25,West Bengal,122739445.4,35
11-5-25,West Bengal,96109247.89,38.1
12-5-25,West Bengal,119071889.4,43.8
13-5-25,West Bengal,115798094.2,36.7
14-5-25,West Bengal,120745126.5,40.8
15-5-25,West Bengal,118096440.1,37.5
16-5-25,West Bengal,99533424.16,38.6
17-5-25,West Bengal,95436569.67,39.7
18-5-25,West Bengal,86986955.99,39.2
19-5-25,West Bengal,119576963.9,36.8
20-5-25,West Bengal,152153415.7,37.8
21-5-25,West Bengal,146662834.9,36.3
22-5-25,West Bengal,109198287.9,36.1
23-5-25,West Bengal,95830315.37,38
24-5-25,West Bengal,127279993.8,40.1
25-5-25,West Bengal,147922230.3,31.6
26-5-25,West Bengal,92928412.56,34.5
27-5-25,West Bengal,96912354.04,40
28-5-25,West Bengal,118563046,38.6
29-5-25,West Bengal,145676356.7,40
30-5-25,West Bengal,67218989.31,40.5
31-5-25,West Bengal,104997290.4,38.4
1-6-25,West Bengal,108808661.8,37.6
2-6-25,West Bengal,115143168.2,36.5
3-6-25,West Bengal,90414948.2,33.6
4-6-25,West Bengal,128901175.2,36.9
5-6-25,West Bengal,104507400.5,35.9
6-6-25,West Bengal,124215134.3,29.9
7-6-25,West Bengal,122124681.4,33.6
8-6-25,West Bengal,119632214.6,35.1
9-6-25,West Bengal,100048003.6,36.2
10-6-25,West Bengal,95202644.43,31
11-6-25,West Bengal,66359702.45,33.5
12-6-25,West Bengal,83152339.02,37.5
13-6-25,West Bengal,122284705.4,32.6
14-6-25,West Bengal,112038407.9,33.6
15-6-25,West Bengal,107694810.3,31.3
16-6-25,West Bengal,105965141.5,40.9
17-6-25,West Bengal,103174534,37.3
18-6-25,West Bengal,139045394.1,37.9
19-6-25,West Bengal,116593745.7,31.8
20-6-25,West Bengal,145148443.5,38.2
21-6-25,West Bengal,92411647.29,34.9
22-6-25,West Bengal,124534286.6,40.7
23-6-25,West Bengal,103428346.3,36
24-6-25,West Bengal,108051159,30.8
25-6-25,West Bengal,95954189.04,34.5
26-6-25,West Bengal,98934435.09,33.1
27-6-25,West Bengal,147504732.5,36.5
28-6-25,West Bengal,104900205.2,32.1
29-6-25,West Bengal,83533058.7,34
30-6-25,West Bengal,138474214,31
1-1-25,Madhya Pradesh,52537887.65,13.7
2-1-25,Madhya Pradesh,65773619.11,18.6
3-1-25,Madhya Pradesh,62598894.06,18.6
4-1-25,Madhya Pradesh,66666193.64,14.8
5-1-25,Madhya Pradesh,59224442.87,17
6-1-25,Madhya Pradesh,50510947.03,20.2
7-1-25,Madhya Pradesh,74083636.33,17.4
8-1-25,Madhya Pradesh,61311442,16.4
9-1-25,Madhya Pradesh,65959729.91,17.5
10-1-25,Madhya Pradesh,50146393.17,18.5
11-1-25,Madhya Pradesh,67043445.59,15.5
12-1-25,Madhya Pradesh,71627261.8,17.9
13-1-25,Madhya Pradesh,49274969.08,16.6
14-1-25,Madhya Pradesh,65188322.16,19.8
15-1-25,Madhya Pradesh,64412139.44,15.5
16-1-25,Madhya Pradesh,91854214.16,11.3
17-1-25,Madhya Pradesh,64283722.98,12
18-1-25,Madhya Pradesh,55655154.96,15.2
19-1-25,Madhya Pradesh,69930988.58,15.4
20-1-25,Madhya Pradesh,84704676.5,10.3
21-1-25,Madhya Pradesh,83768161.41,16.5
22-1-25,Madhya Pradesh,55581024.86,16.4
23-1-25,Madhya Pradesh,89202640.34,14.9
24-1-25,Madhya Pradesh,71637891.66,20.1
25-1-25,Madhya Pradesh,67912660.28,14.5
26-1-25,Madhya Pradesh,53493939.17,15.8
27-1-25,Madhya Pradesh,65997685.6,14.2
28-1-25,Madhya Pradesh,61434746.38,13.9
29-1-25,Madhya Pradesh,48882880.49,15.3
30-1-25,Madhya Pradesh,40000050.77,13.1
31-1-25,Madhya Pradesh,84317095.82,18.6
1-2-25,Madhya Pradesh,50725809.42,18.8
2-2-25,Madhya Pradesh,81032479.29,23.9
3-2-25,Madhya Pradesh,72530531.68,15.5
4-2-25,Madhya Pradesh,61741176.42,16
5-2-25,Madhya Pradesh,73319436.73,21
6-2-25,Madhya Pradesh,74822596.48,22.5
7-2-25,Madhya Pradesh,71221798.61,21.8
8-2-25,Madhya Pradesh,74094473.31,21.6
9-2-25,Madhya Pradesh,48787628.46,23.1
10-2-25,Madhya Pradesh,67613388.07,25.8
11-2-25,Madhya Pradesh,71009968.7,19.6
12-2-25,Madhya Pradesh,68296192.25,16.3
13-2-25,Madhya Pradesh,71728678,18.9
14-2-25,Madhya Pradesh,77516362.32,17.5
15-2-25,Madhya Pradesh,67814098.77,21.7
16-2-25,Madhya Pradesh,83590371.51,25.3
17-2-25,Madhya Pradesh,54601611.27,18.4
18-2-25,Madhya Pradesh,78419504.65,21.6
19-2-25,Madhya Pradesh,64501449.57,26.5
20-2-25,Madhya Pradesh,72437547.16,18.2
21-2-25,Madhya Pradesh,69659421.33,16.6
22-2-25,Madhya Pradesh,59284882.86,21.1
23-2-25,Madhya Pradesh,68731270.17,15.8
24-2-25,Madhya Pradesh,78588531.72,19.6
25-2-25,Madhya Pradesh,58249707.96,21.3
26-2-25,Madhya Pradesh,58790566.16,24.7
27-2-25,Madhya Pradesh,73351400.19,16.8
28-2-25,Madhya Pradesh,47359011.96,21.8
1-3-25,Madhya Pradesh,72108729.76,23.6
2-3-25,Madhya Pradesh,77048898.88,30
3-3-25,Madhya Pradesh,78177185.59,24.3
4-3-25,Madhya Pradesh,78265020.17,35.8
5-3-25,Madhya Pradesh,75845470.34,24.7
6-3-25,Madhya Pradesh,77331443.42,28.2
7-3-25,Madhya Pradesh,69762426.98,30.7
8-3-25,Madhya Pradesh,76844710.07,23.7
9-3-25,Madhya Pradesh,66545046.66,28.5
10-3-25,Madhya Pradesh,47326239.2,23.4
11-3-25,Madhya Pradesh,81300470.03,26.6
12-3-25,Madhya Pradesh,75652154.84,23.5
13-3-25,Madhya Pradesh,68379501.09,25.8
14-3-25,Madhya Pradesh,56274361.83,27.1
15-3-25,Madhya Pradesh,55905489.34,31
16-3-25,Madhya Pradesh,67259651.83,27.6
17-3-25,Madhya Pradesh,74056456.39,31.8
18-3-25,Madhya Pradesh,74695506.62,28
19-3-25,Madhya Pradesh,80196223.91,27.3
20-3-25,Madhya Pradesh,78840101.59,33.1
21-3-25,Madhya Pradesh,61007735.48,29.4
22-3-25,Madhya Pradesh,85553039.47,31.6
23-3-25,Madhya Pradesh,74485147.03,23.6
24-3-25,Madhya Pradesh,93043378.23,31.2
25-3-25,Madhya Pradesh,83818565.18,22.9
26-3-25,Madhya Pradesh,57505503.02,25.6
27-3-25,Madhya Pradesh,80119154.41,30
28-3-25,Madhya Pradesh,95619149.53,31.1
29-3-25,Madhya Pradesh,77897569.24,30.9
30-3-25,Madhya Pradesh,61447120.53,28.1
31-3-25,Madhya Pradesh,50114515.87,24.3
1-4-25,Madhya Pradesh,104232053.1,31.7
2-4-25,Madhya Pradesh,104003658.1,33.3
3-4-25,Madhya Pradesh,91140468.88,32.9
4-4-25,Madhya Pradesh,114764945.6,36
5-4-25,Madhya Pradesh,97675975,35.6
6-4-25,Madhya Pradesh,109557921.6,27.7
7-4-25,Madhya Pradesh,93676293.22,30.3
8-4-25,Madhya Pradesh,91270877.15,35.4
9-4-25,Madhya Pradesh,100262788.5,33.5
10-4-25,Madhya Pradesh,74497995.28,34
11-4-25,Madhya Pradesh,89210795.38,36.4
12-4-25,Madhya Pradesh,124751410.4,33.4
13-4-25,Madhya Pradesh,95775940.67,30.9
14-4-25,Madhya Pradesh,103334579.3,34.7
15-4-25,Madhya Pradesh,117091793.5,34.9
16-4-25,Madhya Pradesh,72328898.35,35.2
17-4-25,Madhya Pradesh,70036014.34,33.2
18-4-25,Madhya Pradesh,61136699.96,34.4
19-4-25,Madhya Pradesh,105713582.9,29.6
20-4-25,Madhya Pradesh,98492544.31,29.8
21-4-25,Madhya Pradesh,95875502.18,33.7
22-4-25,Madhya Pradesh,93705575.14,34.9
23-4-25,Madhya Pradesh,100492931.4,33.5
24-4-25,Madhya Pradesh,90746197.66,32.7
25-4-25,Madhya Pradesh,85923259.05,32
26-4-25,Madhya Pradesh,114784296.9,25.6
27-4-25,Madhya Pradesh,95703483.77,31.9
28-4-25,Madhya Pradesh,98039421.42,36.1
29-4-25,Madhya Pradesh,102137346.6,34
30-4-25,Madhya Pradesh,84100360.82,35.3
1-5-25,Madhya Pradesh,104401009.2,38
2-5-25,Madhya Pradesh,73798519.24,39.3
3-5-25,Madhya Pradesh,66088466.81,37.9
4-5-25,Madhya Pradesh,91925739.15,35.4
5-5-25,Madhya Pradesh,94860560.69,35.8
6-5-25,Madhya Pradesh,116230051.7,34.3
7-5-25,Madhya Pradesh,88712258.48,40.6
8-5-25,Madhya Pradesh,75975622.49,43.5
9-5-25,Madhya Pradesh,95592037.7,42
10-5-25,Madhya Pradesh,108832762.4,39.3
11-5-25,Madhya Pradesh,78645262.97,36.4
12-5-25,Madhya Pradesh,91643671.66,39.5
13-5-25,Madhya Pradesh,96828413.19,40.5
14-5-25,Madhya Pradesh,108828965.6,36.9
15-5-25,Madhya Pradesh,106426780.8,36.1
16-5-25,Madhya Pradesh,104161612.1,38.3
17-5-25,Madhya Pradesh,112043056.1,38.9
18-5-25,Madhya Pradesh,107544769.9,37.7
19-5-25,Madhya Pradesh,114162545.3,38.7
20-5-25,Madhya Pradesh,107701178.3,41.4
21-5-25,Madhya Pradesh,116520791.6,37.2
22-5-25,Madhya Pradesh,92035921.15,38.2
23-5-25,Madhya Pradesh,107045750.8,39.3
24-5-25,Madhya Pradesh,89559173.21,36.9
25-5-25,Madhya Pradesh,72213211.25,39
26-5-25,Madhya Pradesh,98950246.09,36.5
27-5-25,Madhya Pradesh,87166605.2,37.9
28-5-25,Madhya Pradesh,106175052.6,38.6
29-5-25,Madhya Pradesh,84475554.12,38.1
30-5-25,Madhya Pradesh,74384247.7,35.1
31-5-25,Madhya Pradesh,78009870.67,36.6
1-6-25,Madhya Pradesh,89694805.68,37.2
2-6-25,Madhya Pradesh,84427607.84,35
3-6-25,Madhya Pradesh,92528333.29,37
4-6-25,Madhya Pradesh,121944417.7,28.8
5-6-25,Madhya Pradesh,105024652.7,41.1
6-6-25,Madhya Pradesh,89892317.58,31.3
7-6-25,Madhya Pradesh,88914921.74,30.8
8-6-25,Madhya Pradesh,97874057.9,31.4
9-6-25,Madhya Pradesh,116394075.3,32.2
10-6-25,Madhya Pradesh,86270497.47,29.4
11-6-25,Madhya Pradesh,107955274.6,35.4
12-6-25,Madhya Pradesh,82485074.66,36.8
13-6-25,Madhya Pradesh,98360756.7,31.1
14-6-25,Madhya Pradesh,98087197.02,32
15-6-25,Madhya Pradesh,50009114.48,35
16-6-25,Madhya Pradesh,119783305.4,29.3
17-6-25,Madhya Pradesh,104463044.7,36
18-6-25,Madhya Pradesh,106917239.5,31.5
19-6-25,Madhya Pradesh,61214350.93,42.6
20-6-25,Madhya Pradesh,97386308.88,42.4
21-6-25,Madhya Pradesh,92435118.13,33
22-6-25,Madhya Pradesh,105902795.9,36.7
23-6-25,Madhya Pradesh,116100348.7,31.8
24-6-25,Madhya Pradesh,70089228.21,36
25-6-25,Madhya Pradesh,105022380.7,37.7
26-6-25,Madhya Pradesh,93256145.7,32.8
27-6-25,Madhya Pradesh,127402602.7,31.5
28-6-25,Madhya Pradesh,112732268.2,33.2
29-6-25,Madhya Pradesh,85216498.95,36.7
30-6-25,Madhya Pradesh,98041213.72,32.1
1-1-25,Tamil Nadu,55221849.61,13.8
2-1-25,Tamil Nadu,70391910.2,22
3-1-25,Tamil Nadu,56705900.04,9.4
4-1-25,Tamil Nadu,54353367.89,17.2
5-1-25,Tamil Nadu,63428466.12,16.6
6-1-25,Tamil Nadu,72225767.98,8.2
7-1-25,Tamil Nadu,66175922.06,15.9
8-1-25,Tamil Nadu,75713344.4,20.8
9-1-25,Tamil Nadu,49902126.25,17.6
10-1-25,Tamil Nadu,37361629.62,17.1
11-1-25,Tamil Nadu,46670368.37,18.9
12-1-25,Tamil Nadu,55244637.45,20
13-1-25,Tamil Nadu,62781669.68,15.7
14-1-25,Tamil Nadu,66887730.69,11.7
15-1-25,Tamil Nadu,68434333.98,16.4
16-1-25,Tamil Nadu,64456480.18,9.4
17-1-25,Tamil Nadu,64038256.84,15
18-1-25,Tamil Nadu,73216226.46,14.4
19-1-25,Tamil Nadu,77356428.29,12.6
20-1-25,Tamil Nadu,76074848.1,15.4
21-1-25,Tamil Nadu,68062657.63,15
22-1-25,Tamil Nadu,65585835.34,11.2
23-1-25,Tamil Nadu,81545103.66,16.9
24-1-25,Tamil Nadu,49229058.21,12.2
25-1-25,Tamil Nadu,67488859.11,14
26-1-25,Tamil Nadu,68885480.76,22.3
27-1-25,Tamil Nadu,74970063.91,16
28-1-25,Tamil Nadu,57924474.85,17.2
29-1-25,Tamil Nadu,75578028.17,15.6
30-1-25,Tamil Nadu,62270036.62,18.4
31-1-25,Tamil Nadu,84743140.43,14.9
1-2-25,Tamil Nadu,70519675.82,25
2-2-25,Tamil Nadu,71926679.83,22.6
3-2-25,Tamil Nadu,75430123.87,21.8
4-2-25,Tamil Nadu,47845901.6,23.6
5-2-25,Tamil Nadu,73796491.32,20.8
6-2-25,Tamil Nadu,60055928.41,21.5
7-2-25,Tamil Nadu,55974747.78,14.7
8-2-25,Tamil Nadu,70195850.58,22.1
9-2-25,Tamil Nadu,42063704.23,20.3
10-2-25,Tamil Nadu,65973631.57,21.6
11-2-25,Tamil Nadu,40724889.44,19.6
12-2-25,Tamil Nadu,56829286.18,19.7
13-2-25,Tamil Nadu,56593934.72,22.2
14-2-25,Tamil Nadu,60162491.92,22.1
15-2-25,Tamil Nadu,41360166.64,17.5
16-2-25,Tamil Nadu,58240923.37,11.8
17-2-25,Tamil Nadu,60397352.17,23.9
18-2-25,Tamil Nadu,63702706.35,17.3
19-2-25,Tamil Nadu,67772323.46,17.5
20-2-25,Tamil Nadu,47035707.99,17.7
21-2-25,Tamil Nadu,61649587.81,16.9
22-2-25,Tamil Nadu,58630065.49,14.8
23-2-25,Tamil Nadu,74115150.49,25.4
24-2-25,Tamil Nadu,84770608.71,21.7
25-2-25,Tamil Nadu,50417215.5,18.6
26-2-25,Tamil Nadu,62028044.29,15.6
27-2-25,Tamil Nadu,61412227.23,19.8
28-2-25,Tamil Nadu,72324458.77,20.1
1-3-25,Tamil Nadu,81338421.65,29.1
2-3-25,Tamil Nadu,82790837.79,22.6
3-3-25,Tamil Nadu,82089527.49,28.3
4-3-25,Tamil Nadu,66166079.93,27.9
5-3-25,Tamil Nadu,80728557.28,29.4
6-3-25,Tamil Nadu,53627875.17,30.8
7-3-25,Tamil Nadu,65294829.56,30.9
8-3-25,Tamil Nadu,85189741.04,29.8
9-3-25,Tamil Nadu,71774646.74,24.3
10-3-25,Tamil Nadu,81897339.11,32
11-3-25,Tamil Nadu,68134270.27,25.2
12-3-25,Tamil Nadu,76467876.9,32.3
13-3-25,Tamil Nadu,83376526.77,27.9
14-3-25,Tamil Nadu,51643060.24,28
15-3-25,Tamil Nadu,74297631.01,30.7
16-3-25,Tamil Nadu,59633603.22,31.3
17-3-25,Tamil Nadu,83147801.01,30.6
18-3-25,Tamil Nadu,71018186.78,31.5
19-3-25,Tamil Nadu,55920056.63,30.5
20-3-25,Tamil Nadu,64273447.83,25.7
21-3-25,Tamil Nadu,62029776.24,27.5
22-3-25,Tamil Nadu,86451980.92,26.2
23-3-25,Tamil Nadu,72834913.75,26
24-3-25,Tamil Nadu,80070151.5,25.6
25-3-25,Tamil Nadu,81341031.11,25.6
26-3-25,Tamil Nadu,83550714.49,26
27-3-25,Tamil Nadu,61557355.2,31.6
28-3-25,Tamil Nadu,73102345.45,26.3
29-3-25,Tamil Nadu,60024591.61,30.1
30-3-25,Tamil Nadu,74118033.79,28.5
31-3-25,Tamil Nadu,67187522.82,25.4
1-4-25,Tamil Nadu,58327045.81,32.6
2-4-25,Tamil Nadu,62735019.17,34.3
3-4-25,Tamil Nadu,88579354.16,33
4-4-25,Tamil Nadu,105620985,33.6
5-4-25,Tamil Nadu,90750775.21,29.5
6-4-25,Tamil Nadu,83173984.35,32.4
7-4-25,Tamil Nadu,83292550.76,39.2
8-4-25,Tamil Nadu,72660891.98,32.2
9-4-25,Tamil Nadu,67521161.88,37.9
10-4-25,Tamil Nadu,78344542.67,30.6
11-4-25,Tamil Nadu,107496136.6,36.7
12-4-25,Tamil Nadu,117343649.3,39
13-4-25,Tamil Nadu,86535903.71,35.9
14-4-25,Tamil Nadu,77576711.49,29.2
15-4-25,Tamil Nadu,77339411.47,34.5
16-4-25,Tamil Nadu,99763957.04,34.3
17-4-25,Tamil Nadu,92482542.86,35.5
18-4-25,Tamil Nadu,82936803.03,34.4
19-4-25,Tamil Nadu,96471142.6,31.9
20-4-25,Tamil Nadu,80075597.9,38.6
21-4-25,Tamil Nadu,87395982.08,35.8
22-4-25,Tamil Nadu,78899677.49,38
23-4-25,Tamil Nadu,85898074.3,33.6
24-4-25,Tamil Nadu,85624751.68,31.8
25-4-25,Tamil Nadu,93313677.02,36.7
26-4-25,Tamil Nadu,97875287.03,28
27-4-25,Tamil Nadu,88286601.6,36.3
28-4-25,Tamil Nadu,123185190.8,34.3
29-4-25,Tamil Nadu,84926733.49,35.8
30-4-25,Tamil Nadu,67608965.92,34.8
1-5-25,Tamil Nadu,94715613.2,37.4
2-5-25,Tamil Nadu,74658687.92,42.7
3-5-25,Tamil Nadu,80410889.08,40.1
4-5-25,Tamil Nadu,86659208.37,32.3
5-5-25,Tamil Nadu,70610314,41.6
6-5-25,Tamil Nadu,85532152.19,39.8
7-5-25,Tamil Nadu,63929172.13,38.4
8-5-25,Tamil Nadu,69714137.24,34.7
9-5-25,Tamil Nadu,95130494.41,42.1
10-5-25,Tamil Nadu,71470114.36,35.5
11-5-25,Tamil Nadu,86175524.49,41.4
12-5-25,Tamil Nadu,88131098.27,37.1
13-5-25,Tamil Nadu,78404044.56,38.9
14-5-25,Tamil Nadu,96186161.1,35.3
15-5-25,Tamil Nadu,100279809.2,39.8
16-5-25,Tamil Nadu,90376476.52,39
17-5-25,Tamil Nadu,85125665.85,41.2
18-5-25,Tamil Nadu,95138924.69,39.5
19-5-25,Tamil Nadu,77944315.58,39
20-5-25,Tamil Nadu,72637425.41,36.4
21-5-25,Tamil Nadu,79246843.03,32.4
22-5-25,Tamil Nadu,88909751.67,34.9
23-5-25,Tamil Nadu,86643716.23,37.2
24-5-25,Tamil Nadu,88928910.29,39.5
25-5-25,Tamil Nadu,58027677.69,39.2
26-5-25,Tamil Nadu,101563316.6,39.1
27-5-25,Tamil Nadu,101553907.8,35.9
28-5-25,Tamil Nadu,89255181.69,35.7
29-5-25,Tamil Nadu,77681433.81,37.6
30-5-25,Tamil Nadu,80247222.76,42.5
31-5-25,Tamil Nadu,96759621.94,41.2
1-6-25,Tamil Nadu,88121008.44,33.8
2-6-25,Tamil Nadu,93115610.47,37.2
3-6-25,Tamil Nadu,108502732.4,39.1
4-6-25,Tamil Nadu,85420611.38,34.4
5-6-25,Tamil Nadu,91807985.47,35.1
6-6-25,Tamil Nadu,98353854.4,31.8
7-6-25,Tamil Nadu,71782752.91,37.3
8-6-25,Tamil Nadu,66663550.91,33.7
9-6-25,Tamil Nadu,100749537.3,30.1
10-6-25,Tamil Nadu,87231923.16,35
11-6-25,Tamil Nadu,61676972.67,31.1
12-6-25,Tamil Nadu,97093646.97,34.9
13-6-25,Tamil Nadu,75439307.36,38
14-6-25,Tamil Nadu,77310127.28,34
15-6-25,Tamil Nadu,103907047.1,34.7
16-6-25,Tamil Nadu,78177129.14,37.4
17-6-25,Tamil Nadu,93113174.99,34.1
18-6-25,Tamil Nadu,92298391.16,31.3
19-6-25,Tamil Nadu,106001962.3,29.1
20-6-25,Tamil Nadu,101536472.9,30.6
21-6-25,Tamil Nadu,109130917.8,34.4
22-6-25,Tamil Nadu,85470229.74,36.6
23-6-25,Tamil Nadu,103581605.2,33.4
24-6-25,Tamil Nadu,100170227.6,33.9
25-6-25,Tamil Nadu,102101385.7,33.5
26-6-25,Tamil Nadu,79064288.2,34.4
27-6-25,Tamil Nadu,87046988.07,26.7
28-6-25,Tamil Nadu,76545488.48,36.3
29-6-25,Tamil Nadu,90674918.61,37.9
30-6-25,Tamil Nadu,94439037.99,33.6
1-1-25,Rajasthan,65185300.07,20.3
2-1-25,Rajasthan,60383707.83,12.1
3-1-25,Rajasthan,48195212.77,14.8
4-1-25,Rajasthan,75315978.55,12.1
5-1-25,Rajasthan,59140772.19,13.4
6-1-25,Rajasthan,54495489.4,10.4
7-1-25,Rajasthan,48722037.19,16.3
8-1-25,Rajasthan,45855912.95,13
9-1-25,Rajasthan,56762577.8,17.5
10-1-25,Rajasthan,51018963.37,15.4
11-1-25,Rajasthan,56739031.33,16.2
12-1-25,Rajasthan,60279331.56,13.1
13-1-25,Rajasthan,52341145.3,16.1
14-1-25,Rajasthan,72641240.18,12.8
15-1-25,Rajasthan,63561806.71,15.1
16-1-25,Rajasthan,51666691.5,11.6
17-1-25,Rajasthan,67116870.29,23.2
18-1-25,Rajasthan,56529258.95,13.8
19-1-25,Rajasthan,66806218.2,13.9
20-1-25,Rajasthan,69666777.32,12
21-1-25,Rajasthan,80080315.46,21.4
22-1-25,Rajasthan,62006325.56,14.1
23-1-25,Rajasthan,48968995.99,16.9
24-1-25,Rajasthan,58956005,15.9
25-1-25,Rajasthan,51321089.66,13.3
26-1-25,Rajasthan,60613804.7,11
27-1-25,Rajasthan,67368954.75,12.6
28-1-25,Rajasthan,45481627.26,17.7
29-1-25,Rajasthan,57027443.13,18.5
30-1-25,Rajasthan,67165699.84,16.1
31-1-25,Rajasthan,64311953.44,16.4
1-2-25,Rajasthan,49456850.83,24.5
2-2-25,Rajasthan,77638481.59,23.5
3-2-25,Rajasthan,81313571.06,26.4
4-2-25,Rajasthan,68156009.36,24.4
5-2-25,Rajasthan,60928232.58,21.1
6-2-25,Rajasthan,57359407.82,21
7-2-25,Rajasthan,49278689.99,20.6
8-2-25,Rajasthan,59195517.3,20.3
9-2-25,Rajasthan,55038593.52,20.4
10-2-25,Rajasthan,54081719.04,18.9
11-2-25,Rajasthan,68680444.39,19
12-2-25,Rajasthan,65399580.57,18
13-2-25,Rajasthan,86718901.45,20.6
14-2-25,Rajasthan,68417455.62,23.8
15-2-25,Rajasthan,53740162.77,18.1
16-2-25,Rajasthan,82715121.46,21.5
17-2-25,Rajasthan,61831297.32,23.6
18-2-25,Rajasthan,59822849.76,18.7
19-2-25,Rajasthan,68803675.45,19.5
20-2-25,Rajasthan,60175117.02,22
21-2-25,Rajasthan,66964994.5,23.4
22-2-25,Rajasthan,66955215.23,18.7
23-2-25,Rajasthan,53424125.01,18.7
24-2-25,Rajasthan,64116751.82,17.1
25-2-25,Rajasthan,63410852.75,22.1
26-2-25,Rajasthan,60604204.77,18.3
27-2-25,Rajasthan,70965734.82,22
28-2-25,Rajasthan,45988582.97,23.2
1-3-25,Rajasthan,92273956.64,26.2
2-3-25,Rajasthan,49613783.35,27.4
3-3-25,Rajasthan,76666691.52,28.6
4-3-25,Rajasthan,71332365.6,30.5
5-3-25,Rajasthan,70027585.64,31.2
6-3-25,Rajasthan,69920078.06,23.7
7-3-25,Rajasthan,79930735.6,27.9
8-3-25,Rajasthan,77442425.42,28.3
9-3-25,Rajasthan,81299465.55,30.6
10-3-25,Rajasthan,63694245.9,26.7
11-3-25,Rajasthan,75191807.03,28.3
12-3-25,Rajasthan,70983044.66,28.5
13-3-25,Rajasthan,78908639.19,30
14-3-25,Rajasthan,96586946.85,32.1
15-3-25,Rajasthan,67258168.84,29.4
16-3-25,Rajasthan,68788176.28,28.1
17-3-25,Rajasthan,55950339.12,26.9
18-3-25,Rajasthan,82401487.41,30.4
19-3-25,Rajasthan,70244096.76,34.3
20-3-25,Rajasthan,76302194.7,29.3
21-3-25,Rajasthan,63265619.24,28.7
22-3-25,Rajasthan,65955215.6,28.7
23-3-25,Rajasthan,71827440.89,24
24-3-25,Rajasthan,80548320.28,29.9
25-3-25,Rajasthan,57304457.09,31.3
26-3-25,Rajasthan,79164717.7,27.7
27-3-25,Rajasthan,70746132.06,28.5
28-3-25,Rajasthan,74143009.33,23.7
29-3-25,Rajasthan,57254325.19,28.1
30-3-25,Rajasthan,61729839.84,29.9
31-3-25,Rajasthan,82751827.92,29.8
1-4-25,Rajasthan,73333585.64,35.5
2-4-25,Rajasthan,86888931.21,31.6
3-4-25,Rajasthan,89268420.7,29.4
4-4-25,Rajasthan,73223560.21,37.3
5-4-25,Rajasthan,84251460.46,32.3
6-4-25,Rajasthan,54452608.03,33.4
7-4-25,Rajasthan,105373407,33.5
8-4-25,Rajasthan,113170901.1,36.2
9-4-25,Rajasthan,94100778.85,34.5
10-4-25,Rajasthan,91103298.9,33.9
11-4-25,Rajasthan,78443874.18,32.8
12-4-25,Rajasthan,101876734.1,37.2
13-4-25,Rajasthan,84394902.41,31.4
14-4-25,Rajasthan,98704234.94,36.3
15-4-25,Rajasthan,75587869.77,33.2
16-4-25,Rajasthan,80185773.42,36.6
17-4-25,Rajasthan,78236259.96,37.8
18-4-25,Rajasthan,74402377.1,37.4
19-4-25,Rajasthan,75835147.71,27.3
20-4-25,Rajasthan,118785441.4,35
21-4-25,Rajasthan,101983058.6,34.6
22-4-25,Rajasthan,86087848.05,28.6
23-4-25,Rajasthan,94005642.75,36.5
24-4-25,Rajasthan,65640849.14,28.7
25-4-25,Rajasthan,92901091.84,38.2
26-4-25,Rajasthan,103030597.1,37.3
27-4-25,Rajasthan,116887344.1,31.7
28-4-25,Rajasthan,80840162.49,30.9
29-4-25,Rajasthan,90198829.68,32
30-4-25,Rajasthan,97145327.44,33.2
1-5-25,Rajasthan,89836711.7,41.4
2-5-25,Rajasthan,76172891.63,38.8
3-5-25,Rajasthan,91826511.76,40.1
4-5-25,Rajasthan,96975560.4,35.4
5-5-25,Rajasthan,83814829.36,39.8
6-5-25,Rajasthan,98833608.82,38.8
7-5-25,Rajasthan,86301156.82,36
8-5-25,Rajasthan,81406774.54,39.9
9-5-25,Rajasthan,85230026.11,38.9
10-5-25,Rajasthan,81800942.86,36.3
11-5-25,Rajasthan,90156075.69,41.3
12-5-25,Rajasthan,83694458.91,34.9
13-5-25,Rajasthan,91041639.33,36.6
14-5-25,Rajasthan,96714467.88,34.2
15-5-25,Rajasthan,89488684.26,37
16-5-25,Rajasthan,84733264.61,42.8
17-5-25,Rajasthan,83574159.83,35.8
18-5-25,Rajasthan,71641666.34,35.7
19-5-25,Rajasthan,84209968.47,34.4
20-5-25,Rajasthan,77867965.93,33.9
21-5-25,Rajasthan,66327805.3,37
22-5-25,Rajasthan,111261597.2,37.4
23-5-25,Rajasthan,93235648.68,43
24-5-25,Rajasthan,70551629.03,38.4
25-5-25,Rajasthan,77270690.12,39.6
26-5-25,Rajasthan,55115814.64,34.1
27-5-25,Rajasthan,97724729.77,38.1
28-5-25,Rajasthan,102630469.1,37.3
29-5-25,Rajasthan,81203565.79,41.1
30-5-25,Rajasthan,113432822.8,39.3
31-5-25,Rajasthan,86540364.58,41.4
1-6-25,Rajasthan,81379414.04,40
2-6-25,Rajasthan,87181255.48,31.9
3-6-25,Rajasthan,87867959.13,35.9
4-6-25,Rajasthan,79672579.46,29.6
5-6-25,Rajasthan,113555051.9,38.1
6-6-25,Rajasthan,92056418.42,32.3
7-6-25,Rajasthan,93044526.99,39.4
8-6-25,Rajasthan,96116690.11,36.1
9-6-25,Rajasthan,63184487.87,28.8
10-6-25,Rajasthan,97303252.02,34.3
11-6-25,Rajasthan,94145626.67,29.8
12-6-25,Rajasthan,72055081.68,32.5
13-6-25,Rajasthan,74611978.19,36.8
14-6-25,Rajasthan,85564499.1,36.3
15-6-25,Rajasthan,89684548.7,30.6
16-6-25,Rajasthan,82198510.62,32
17-6-25,Rajasthan,98140912.59,31.4
18-6-25,Rajasthan,100740029.8,27.2
19-6-25,Rajasthan,88213117.74,37.7
20-6-25,Rajasthan,89428569.66,38
21-6-25,Rajasthan,97607777.84,37.2
22-6-25,Rajasthan,87470951.47,31.3
23-6-25,Rajasthan,119020442.7,31.9
24-6-25,Rajasthan,78350023.48,35.3
25-6-25,Rajasthan,84476267.76,30.6
26-6-25,Rajasthan,75336045.97,32.2
27-6-25,Rajasthan,76162938.6,35
28-6-25,Rajasthan,84464869.49,37.2
29-6-25,Rajasthan,93388635.94,34.7
30-6-25,Rajasthan,108259948,42
1-1-25,Karnataka,45953692.36,14.5
2-1-25,Karnataka,48393840.65,20.1
3-1-25,Karnataka,46134351.7,15.3
4-1-25,Karnataka,56665502.64,16.9
5-1-25,Karnataka,51409355.74,15.1
6-1-25,Karnataka,48842050.32,10.9
7-1-25,Karnataka,58296341.36,19.2
8-1-25,Karnataka,47054494.14,14.3
9-1-25,Karnataka,65450602.41,21.3
10-1-25,Karnataka,59363987.58,14.5
11-1-25,Karnataka,48933434.66,15.2
12-1-25,Karnataka,51745051.17,18.1
13-1-25,Karnataka,56853267.95,16.5
14-1-25,Karnataka,55001934.53,12.6
15-1-25,Karnataka,47245696.12,13.9
16-1-25,Karnataka,39531586.42,12.5
17-1-25,Karnataka,43049024.98,13.8
18-1-25,Karnataka,32969238.25,14.8
19-1-25,Karnataka,58224353.03,18.8
20-1-25,Karnataka,48255796.59,12.3
21-1-25,Karnataka,57586853.74,10.3
22-1-25,Karnataka,53775024.86,15.7
23-1-25,Karnataka,44497128.68,14.2
24-1-25,Karnataka,45287199.59,13.5
25-1-25,Karnataka,50496809.1,16.7
26-1-25,Karnataka,65489701.88,12.5
27-1-25,Karnataka,50242684.85,13.7
28-1-25,Karnataka,46801289.18,14.8
29-1-25,Karnataka,55381558.85,12.6
30-1-25,Karnataka,41408278.21,14.4
31-1-25,Karnataka,54734512.86,18.8
1-2-25,Karnataka,56028689.8,19.7
2-2-25,Karnataka,48968124.55,26.2
3-2-25,Karnataka,56351483.24,20.2
4-2-25,Karnataka,57499354.71,17.6
5-2-25,Karnataka,52940788.74,15.4
6-2-25,Karnataka,56166205.64,18.5
7-2-25,Karnataka,52994170.55,22.6
8-2-25,Karnataka,64409016.99,20.7
9-2-25,Karnataka,82036488.06,20.9
10-2-25,Karnataka,64781325.47,17.1
11-2-25,Karnataka,62568081.05,14.9
12-2-25,Karnataka,50347570.54,20
13-2-25,Karnataka,71291731.05,17.5
14-2-25,Karnataka,42050728.68,17.8
15-2-25,Karnataka,62724433.95,23
16-2-25,Karnataka,50590964.2,24
17-2-25,Karnataka,48433089.93,18.5
18-2-25,Karnataka,58963963.39,22.4
19-2-25,Karnataka,72259261.63,20.8
20-2-25,Karnataka,66086418.65,21.4
21-2-25,Karnataka,51518928.92,23.2
22-2-25,Karnataka,52151441.66,15.9
23-2-25,Karnataka,51221980.29,22.3
24-2-25,Karnataka,67542472.7,19.5
25-2-25,Karnataka,47154487.14,22.5
26-2-25,Karnataka,58698424.77,20.7
27-2-25,Karnataka,77264665.02,19.2
28-2-25,Karnataka,59775184.52,19.8
1-3-25,Karnataka,62951596.25,23.3
2-3-25,Karnataka,64435155.43,25.1
3-3-25,Karnataka,74853268.83,25.2
4-3-25,Karnataka,57445305.44,25.7
5-3-25,Karnataka,69461263.54,27.4
6-3-25,Karnataka,53793964.21,31.1
7-3-25,Karnataka,49276518.78,27.9
8-3-25,Karnataka,59596443.09,28.5
9-3-25,Karnataka,67974152.67,31.7
10-3-25,Karnataka,54518529.37,27.4
11-3-25,Karnataka,76104297.43,26.2
12-3-25,Karnataka,54052357.23,25.4
13-3-25,Karnataka,64969049.4,28.5
14-3-25,Karnataka,55575270.84,25.7
15-3-25,Karnataka,59240581.62,27.1
16-3-25,Karnataka,72386811.38,26.7
17-3-25,Karnataka,62565853.51,25.6
18-3-25,Karnataka,55929721.58,30.4
19-3-25,Karnataka,64720674.88,27.5
20-3-25,Karnataka,47073368.93,23.3
21-3-25,Karnataka,66212202.22,28.9
22-3-25,Karnataka,52977462.39,26.1
23-3-25,Karnataka,42146221.37,31.7
24-3-25,Karnataka,56654339.51,33.4
25-3-25,Karnataka,65984687.08,27.8
26-3-25,Karnataka,51994202.04,33.7
27-3-25,Karnataka,56079957.01,24.9
28-3-25,Karnataka,70530175.84,22
29-3-25,Karnataka,59249148.72,24.5
30-3-25,Karnataka,62342402.97,28.9
31-3-25,Karnataka,57725864.32,21.6
1-4-25,Karnataka,70716500.89,33.1
2-4-25,Karnataka,67053276.82,33.3
3-4-25,Karnataka,66654310.13,27.6
4-4-25,Karnataka,92374512.5,34.6
5-4-25,Karnataka,81124172.23,37.9
6-4-25,Karnataka,77004429.88,35.3
7-4-25,Karnataka,75599840.04,39.7
8-4-25,Karnataka,76230894.71,34.4
9-4-25,Karnataka,78272062.48,34.8
10-4-25,Karnataka,105627061,29.1
11-4-25,Karnataka,63129215.9,30.5
12-4-25,Karnataka,70887792.28,38.2
13-4-25,Karnataka,69253361.91,33.8
14-4-25,Karnataka,68052503.18,36.4
15-4-25,Karnataka,71357676.68,32.6
16-4-25,Karnataka,74687699.1,34.8
17-4-25,Karnataka,86983773.85,37.9
18-4-25,Karnataka,100707731.5,36.9
19-4-25,Karnataka,88099096.43,36.3
20-4-25,Karnataka,81646736.8,31.5
21-4-25,Karnataka,77206495.91,33.4
22-4-25,Karnataka,83731848.58,32
23-4-25,Karnataka,88638124.36,37.1
24-4-25,Karnataka,98077903.31,34.4
25-4-25,Karnataka,78527845.37,31.9
26-4-25,Karnataka,82255332.39,36.7
27-4-25,Karnataka,73366453.21,29.4
28-4-25,Karnataka,60253392.99,30.3
29-4-25,Karnataka,83167556.01,33.2
30-4-25,Karnataka,91652994.77,33
1-5-25,Karnataka,79329212.56,33.9
2-5-25,Karnataka,66067197.61,41.5
3-5-25,Karnataka,67223302.1,44.1
4-5-25,Karnataka,78874626.78,36.2
5-5-25,Karnataka,93874557.81,42.1
6-5-25,Karnataka,77663271.25,40.8
7-5-25,Karnataka,99814557.78,38.1
8-5-25,Karnataka,65556035.86,38.8
9-5-25,Karnataka,99638326.15,40.1
10-5-25,Karnataka,74897376.77,40.9
11-5-25,Karnataka,81209693.72,40.8
12-5-25,Karnataka,90103103.93,36.9
13-5-25,Karnataka,61925541.73,41.3
14-5-25,Karnataka,74674022.96,38.5
15-5-25,Karnataka,81143335.37,42.2
16-5-25,Karnataka,76988782.09,37.5
17-5-25,Karnataka,51291612.38,38.1
18-5-25,Karnataka,62123722.59,38.7
19-5-25,Karnataka,75923080.12,46.1
20-5-25,Karnataka,90995005.99,36.3
21-5-25,Karnataka,78472076.94,41.3
22-5-25,Karnataka,86260416.16,39.2
23-5-25,Karnataka,103470656.1,36.2
24-5-25,Karnataka,72917746.26,36.8
25-5-25,Karnataka,80645480.88,39.3
26-5-25,Karnataka,92895070.27,37.5
27-5-25,Karnataka,52867227.71,39.9
28-5-25,Karnataka,89431172.14,38.4
29-5-25,Karnataka,70424831.57,35.9
30-5-25,Karnataka,77165610.59,39.5
31-5-25,Karnataka,87162882.08,31.2
1-6-25,Karnataka,75878132.16,32.5
2-6-25,Karnataka,83329535.57,38.3
3-6-25,Karnataka,72655646.72,32.4
4-6-25,Karnataka,107410546.6,33.4
5-6-25,Karnataka,72205703.89,34.5
6-6-25,Karnataka,81995933.33,28.9
7-6-25,Karnataka,74856008.99,33
8-6-25,Karnataka,85427329.44,38.7
9-6-25,Karnataka,86918872.71,37.8
10-6-25,Karnataka,61347294.05,33.5
11-6-25,Karnataka,74886138.46,35.8
12-6-25,Karnataka,82198888.09,31.2
13-6-25,Karnataka,71372222.28,34.4
14-6-25,Karnataka,71978138.7,33.5
15-6-25,Karnataka,52048508.84,33.9
16-6-25,Karnataka,71299757.5,31.7
17-6-25,Karnataka,74534681.44,35.5
18-6-25,Karnataka,74644699.18,39.5
19-6-25,Karnataka,101905325.9,33
20-6-25,Karnataka,62895849.78,32.6
21-6-25,Karnataka,73280196.12,34.3
22-6-25,Karnataka,60265721.45,33.1
23-6-25,Karnataka,88090058.78,29.8
24-6-25,Karnataka,97168167.53,32.5
25-6-25,Karnataka,72503274.77,32.3
26-6-25,Karnataka,76562136.68,37.5
27-6-25,Karnataka,87607236.3,35.9
28-6-25,Karnataka,87137910.6,38
29-6-25,Karnataka,90615969.06,32.6
30-6-25,Karnataka,92628211.12,35.7
1-1-25,Gujarat,47121206.32,17.2
2-1-25,Gujarat,60390237.67,15.8
3-1-25,Gujarat,63177492.75,12.4
4-1-25,Gujarat,63655981.58,16.8
5-1-25,Gujarat,63872470.51,15.2
6-1-25,Gujarat,42270170.75,11.5
7-1-25,Gujarat,58221844.4,16
8-1-25,Gujarat,70584489.19,17
9-1-25,Gujarat,70571894.08,17.1
10-1-25,Gujarat,58324593.9,13.2
11-1-25,Gujarat,50020385.22,10.2
12-1-25,Gujarat,68162900.12,17
13-1-25,Gujarat,48401628.29,17.6
14-1-25,Gujarat,63409529.48,14.4
15-1-25,Gujarat,49816785.35,15.3
16-1-25,Gujarat,43378031.03,14.6
17-1-25,Gujarat,46716429.44,13.5
18-1-25,Gujarat,57152786.09,11
19-1-25,Gujarat,43209610.81,14
20-1-25,Gujarat,65209939.79,16.6
21-1-25,Gujarat,49314368.26,16.8
22-1-25,Gujarat,54966874.8,19.5
23-1-25,Gujarat,53497728.23,9.8
24-1-25,Gujarat,60787775.43,12.2
25-1-25,Gujarat,55996466.76,13.3
26-1-25,Gujarat,50122915.37,11.2
27-1-25,Gujarat,44388521.5,13.9
28-1-25,Gujarat,45217427.09,10.9
29-1-25,Gujarat,63839734.91,19.5
30-1-25,Gujarat,53241931.06,19.3
31-1-25,Gujarat,46110309.61,14.4
1-2-25,Gujarat,63896223.53,18.9
2-2-25,Gujarat,59012454.82,21.1
3-2-25,Gujarat,38494941.04,19.2
4-2-25,Gujarat,35842968.8,19.8
5-2-25,Gujarat,59912821.09,18.1
6-2-25,Gujarat,60623134.88,23.3
7-2-25,Gujarat,66132751.68,16.5
8-2-25,Gujarat,69715639.79,24.9
9-2-25,Gujarat,49392481.61,23.5
10-2-25,Gujarat,51156210.13,17.9
11-2-25,Gujarat,53648826.96,18.8
12-2-25,Gujarat,49902587.87,18.5
13-2-25,Gujarat,68110522.47,20.6
14-2-25,Gujarat,53169604.47,20
15-2-25,Gujarat,60537805.91,24.2
16-2-25,Gujarat,66497474.58,22.3
17-2-25,Gujarat,59670227.51,19.9
18-2-25,Gujarat,54948431.88,15.5
19-2-25,Gujarat,57009683.2,22.3
20-2-25,Gujarat,54479986.09,13.8
21-2-25,Gujarat,68453160.48,20.6
22-2-25,Gujarat,57723236.88,22.8
23-2-25,Gujarat,56235027.47,23.3
24-2-25,Gujarat,54383033,13.2
25-2-25,Gujarat,51727870.29,23
26-2-25,Gujarat,52409187.41,15.8
27-2-25,Gujarat,44404173.73,18.7
28-2-25,Gujarat,69778254.97,21.3
1-3-25,Gujarat,54865874.4,27.5
2-3-25,Gujarat,53969087.19,32.3
3-3-25,Gujarat,60859404.64,31.2
4-3-25,Gujarat,68802820.43,31.6
5-3-25,Gujarat,62313107.41,29.9
6-3-25,Gujarat,59506131.59,27.8
7-3-25,Gujarat,52031341.95,31.5
8-3-25,Gujarat,56439671.52,30.1
9-3-25,Gujarat,54959620.12,31.2
10-3-25,Gujarat,74722871.56,24.6
11-3-25,Gujarat,65594209.36,30.4
12-3-25,Gujarat,72844497.78,29.6
13-3-25,Gujarat,91158434.92,28.5
14-3-25,Gujarat,68098589.73,28.4
15-3-25,Gujarat,53186548.26,20.7
16-3-25,Gujarat,70242501.77,31.8
17-3-25,Gujarat,59861143.37,28.6
18-3-25,Gujarat,77308338.08,30.3
19-3-25,Gujarat,62180929.05,35.8
20-3-25,Gujarat,56417775.89,22.1
21-3-25,Gujarat,49864414.84,30
22-3-25,Gujarat,73405023.06,27.6
23-3-25,Gujarat,68723913.1,30.5
24-3-25,Gujarat,47447708.62,29.9
25-3-25,Gujarat,57041736.37,26.7
26-3-25,Gujarat,60533493.41,32.5
27-3-25,Gujarat,59722085.01,33.4
28-3-25,Gujarat,70389362.14,26.2
29-3-25,Gujarat,72284321.57,31.5
30-3-25,Gujarat,64969833.88,29
31-3-25,Gujarat,54155658.57,26.9
1-4-25,Gujarat,86481423.08,39.1
2-4-25,Gujarat,77849817.45,31.8
3-4-25,Gujarat,90586956.41,29.9
4-4-25,Gujarat,79023401.48,32.4
5-4-25,Gujarat,80376524.2,31.9
6-4-25,Gujarat,71811339.92,27.6
7-4-25,Gujarat,76833911.68,30.6
8-4-25,Gujarat,80059733.55,32.1
9-4-25,Gujarat,84063224.53,30.2
10-4-25,Gujarat,76144111.34,31.3
11-4-25,Gujarat,65867256.42,33.3
12-4-25,Gujarat,72653859.01,31.7
13-4-25,Gujarat,65765990.36,35.2
14-4-25,Gujarat,88959021.69,34.9
15-4-25,Gujarat,79543937.47,32
16-4-25,Gujarat,63614246.78,30.8
17-4-25,Gujarat,69619833.05,33.6
18-4-25,Gujarat,66457132.9,33.5
19-4-25,Gujarat,101771271.4,33
20-4-25,Gujarat,82781335.27,38.4
21-4-25,Gujarat,67107828.52,30.9
22-4-25,Gujarat,97300849.77,28.3
23-4-25,Gujarat,68411779.42,32.5
24-4-25,Gujarat,98367456.96,34.3
25-4-25,Gujarat,82444053.79,34.1
26-4-25,Gujarat,55347809.91,35.5
27-4-25,Gujarat,87869167.69,38.2
28-4-25,Gujarat,87538413.86,32.5
29-4-25,Gujarat,94674786.77,38.3
30-4-25,Gujarat,92196808.09,31.9
1-5-25,Gujarat,77708277.29,39.3
2-5-25,Gujarat,90288555.81,39.8
3-5-25,Gujarat,61489242.41,39.4
4-5-25,Gujarat,84127039.84,36
5-5-25,Gujarat,85557365.12,37.8
6-5-25,Gujarat,62483363.93,37
7-5-25,Gujarat,74970959.52,31
8-5-25,Gujarat,61176723.16,36.7
9-5-25,Gujarat,70333594.49,42.5
10-5-25,Gujarat,67483112.65,38.5
11-5-25,Gujarat,72641230.13,38.4
12-5-25,Gujarat,95332588.86,37.7
13-5-25,Gujarat,87846970.85,39.7
14-5-25,Gujarat,57229051.81,41.2
15-5-25,Gujarat,58992318.42,44.6
16-5-25,Gujarat,93671260.23,35.1
17-5-25,Gujarat,95423669.82,38.7
18-5-25,Gujarat,91600803.2,35.5
19-5-25,Gujarat,68947482.76,42.2
20-5-25,Gujarat,82123681.47,33.2
21-5-25,Gujarat,84074971.99,46.4
22-5-25,Gujarat,51124488.65,41.2
23-5-25,Gujarat,90639123.26,35.9
24-5-25,Gujarat,85888370.16,35.3
25-5-25,Gujarat,68541041.32,40.8
26-5-25,Gujarat,80341751.96,34.5
27-5-25,Gujarat,86286388.68,35.9
28-5-25,Gujarat,66448041.77,41.7
29-5-25,Gujarat,69442299.51,38.6
30-5-25,Gujarat,85815521.82,39.7
31-5-25,Gujarat,76204979.31,35
1-6-25,Gujarat,101840626.8,35.4
2-6-25,Gujarat,75951661.02,35.3
3-6-25,Gujarat,66602226.31,32
4-6-25,Gujarat,96154324.88,31.6
5-6-25,Gujarat,90942818.7,34.9
6-6-25,Gujarat,74786356.46,35.3
7-6-25,Gujarat,86077356.96,32.2
8-6-25,Gujarat,91178469.27,37.3
9-6-25,Gujarat,57858577.73,36.4
10-6-25,Gujarat,89396065.69,27.2
11-6-25,Gujarat,69418561.18,32
12-6-25,Gujarat,73099318.3,33
13-6-25,Gujarat,93446629.5,36.7
14-6-25,Gujarat,63984830.73,35.8
15-6-25,Gujarat,82781229.92,33.4
16-6-25,Gujarat,77717658.24,35.7
17-6-25,Gujarat,78816316.83,34.5
18-6-25,Gujarat,81342816.17,33.2
19-6-25,Gujarat,86029849.89,34.6
20-6-25,Gujarat,86843744.94,38.7
21-6-25,Gujarat,118640450.1,28.1
22-6-25,Gujarat,83882030.97,31.6
23-6-25,Gujarat,68587801.28,30.8
24-6-25,Gujarat,73870431.35,33.6
25-6-25,Gujarat,77671753.68,37.8
26-6-25,Gujarat,72434406.85,35.1
27-6-25,Gujarat,85306416.32,31.2
28-6-25,Gujarat,72549680.82,34.3
29-6-25,Gujarat,82611553.79,36.8
30-6-25,Gujarat,78586463.74,31.1
1-1-25,Andhra Pradesh,37405562.59,18.4
2-1-25,Andhra Pradesh,36219785.29,12.8
3-1-25,Andhra Pradesh,53314093.36,17.8
4-1-25,Andhra Pradesh,50879876.62,21
5-1-25,Andhra Pradesh,37743035.57,11.7
6-1-25,Andhra Pradesh,41352874.11,11.7
7-1-25,Andhra Pradesh,43142219.99,13.7
8-1-25,Andhra Pradesh,46833052.47,10.3
9-1-25,Andhra Pradesh,35676945.42,17.7
10-1-25,Andhra Pradesh,44163963.7,10.1
11-1-25,Andhra Pradesh,61848010.6,13.4
12-1-25,Andhra Pradesh,51730523.51,14.7
13-1-25,Andhra Pradesh,45520464.11,12.5
14-1-25,Andhra Pradesh,36445349.43,16.9
15-1-25,Andhra Pradesh,48284682.93,17.2
16-1-25,Andhra Pradesh,46736791.96,16.5
17-1-25,Andhra Pradesh,32082081.33,10
18-1-25,Andhra Pradesh,45758606.62,17.8
19-1-25,Andhra Pradesh,46340852.01,14
20-1-25,Andhra Pradesh,58608009.8,17.8
21-1-25,Andhra Pradesh,47398251.59,16.8
22-1-25,Andhra Pradesh,36156703.74,15.7
23-1-25,Andhra Pradesh,36402481.64,16.8
24-1-25,Andhra Pradesh,26528505.03,14.4
25-1-25,Andhra Pradesh,54890182.81,11.6
26-1-25,Andhra Pradesh,45554133.67,18.2
27-1-25,Andhra Pradesh,46347991.72,11.2
28-1-25,Andhra Pradesh,45294352.92,13.5
29-1-25,Andhra Pradesh,44838234.08,12.6
30-1-25,Andhra Pradesh,48013494.35,19.7
31-1-25,Andhra Pradesh,45238901.52,15.8
1-2-25,Andhra Pradesh,44974356.06,22.6
2-2-25,Andhra Pradesh,37946719.3,21.6
3-2-25,Andhra Pradesh,40099886.9,22.3
4-2-25,Andhra Pradesh,48301737.74,18.3
5-2-25,Andhra Pradesh,34866010.31,21.6
6-2-25,Andhra Pradesh,52221718.15,26.6
7-2-25,Andhra Pradesh,40987946.3,23.5
8-2-25,Andhra Pradesh,58189553.56,28.3
9-2-25,Andhra Pradesh,44925615.71,17.4
10-2-25,Andhra Pradesh,38911524.78,18.2
11-2-25,Andhra Pradesh,37534534.05,21.4
12-2-25,Andhra Pradesh,39019036.77,24.3
13-2-25,Andhra Pradesh,53883325.82,18.7
14-2-25,Andhra Pradesh,46015509.44,24.7
15-2-25,Andhra Pradesh,37649791.76,17.2
16-2-25,Andhra Pradesh,41827451.1,18.2
17-2-25,Andhra Pradesh,34065019.02,16.5
18-2-25,Andhra Pradesh,34932815.02,16.7
19-2-25,Andhra Pradesh,34852100.98,20.1
20-2-25,Andhra Pradesh,41288299.56,16.8
21-2-25,Andhra Pradesh,40239411.96,18.6
22-2-25,Andhra Pradesh,42768224.55,17.8
23-2-25,Andhra Pradesh,50261600.02,20.8
24-2-25,Andhra Pradesh,40337461.39,19.6
25-2-25,Andhra Pradesh,37846367.63,23.6
26-2-25,Andhra Pradesh,42699593.46,17.6
27-2-25,Andhra Pradesh,49440572.44,23.7
28-2-25,Andhra Pradesh,45739383.91,16.7
1-3-25,Andhra Pradesh,47552867.92,26.1
2-3-25,Andhra Pradesh,55322124.32,29.5
3-3-25,Andhra Pradesh,49026107.14,33
4-3-25,Andhra Pradesh,45931365.59,22.6
5-3-25,Andhra Pradesh,49291882.23,28.5
6-3-25,Andhra Pradesh,41996252.62,30.6
7-3-25,Andhra Pradesh,41836229,25.9
8-3-25,Andhra Pradesh,42022847.44,26.5
9-3-25,Andhra Pradesh,49784687.51,26.8
10-3-25,Andhra Pradesh,53970226.28,28.3
11-3-25,Andhra Pradesh,43318185.44,23.4
12-3-25,Andhra Pradesh,45356127.25,29.4
13-3-25,Andhra Pradesh,49328198.1,27.5
14-3-25,Andhra Pradesh,34994576.1,27.8
15-3-25,Andhra Pradesh,63745992.9,27.5
16-3-25,Andhra Pradesh,55565036.51,25.3
17-3-25,Andhra Pradesh,53218360.61,25.8
18-3-25,Andhra Pradesh,53187552.87,29.6
19-3-25,Andhra Pradesh,48595559.61,28.5
20-3-25,Andhra Pradesh,54742581.38,24.8
21-3-25,Andhra Pradesh,39322509.24,31.7
22-3-25,Andhra Pradesh,43085744.9,24.6
23-3-25,Andhra Pradesh,49310426.09,32.7
24-3-25,Andhra Pradesh,57625632.53,24.9
25-3-25,Andhra Pradesh,46460196.91,30.5
26-3-25,Andhra Pradesh,34262176.65,28.8
27-3-25,Andhra Pradesh,51092278.72,30.4
28-3-25,Andhra Pradesh,58413380.62,25.6
29-3-25,Andhra Pradesh,46485028.21,28.8
30-3-25,Andhra Pradesh,58734448.2,31
31-3-25,Andhra Pradesh,36034779.01,29.6
1-4-25,Andhra Pradesh,62061247.39,35.4
2-4-25,Andhra Pradesh,59650653.98,39.2
3-4-25,Andhra Pradesh,68192644.19,30.9
4-4-25,Andhra Pradesh,57368738.41,37.3
5-4-25,Andhra Pradesh,63818552.07,34.4
6-4-25,Andhra Pradesh,60140460.67,27.7
7-4-25,Andhra Pradesh,41109965.56,37.9
8-4-25,Andhra Pradesh,65650880.23,31
9-4-25,Andhra Pradesh,71339173.02,32.3
10-4-25,Andhra Pradesh,49935075.26,34.6
11-4-25,Andhra Pradesh,63460188.59,36.9
12-4-25,Andhra Pradesh,45786581.74,34.7
13-4-25,Andhra Pradesh,57010348.6,38.8
14-4-25,Andhra Pradesh,52474134.53,36.4
15-4-25,Andhra Pradesh,65349905.18,32.6
16-4-25,Andhra Pradesh,80316687.07,32.8
17-4-25,Andhra Pradesh,65067116.52,39
18-4-25,Andhra Pradesh,65970272.48,30
19-4-25,Andhra Pradesh,69027321.18,38.3
20-4-25,Andhra Pradesh,58323488.53,39.9
21-4-25,Andhra Pradesh,58267379.61,31.9
22-4-25,Andhra Pradesh,56971217.27,36.8
23-4-25,Andhra Pradesh,75225331.94,35
24-4-25,Andhra Pradesh,58916600.24,33.3
25-4-25,Andhra Pradesh,50609403.61,37.6
26-4-25,Andhra Pradesh,70753037.2,40.2
27-4-25,Andhra Pradesh,72556446.34,33.9
28-4-25,Andhra Pradesh,66155035.02,34.3
29-4-25,Andhra Pradesh,65827827.71,38.4
30-4-25,Andhra Pradesh,52616166.54,39.1
1-5-25,Andhra Pradesh,69082413.52,44.2
2-5-25,Andhra Pradesh,49410077.45,34.7
3-5-25,Andhra Pradesh,58908558.24,42.3
4-5-25,Andhra Pradesh,53087018.19,40.1
5-5-25,Andhra Pradesh,78315362.82,39.9
6-5-25,Andhra Pradesh,53624067.41,33.4
7-5-25,Andhra Pradesh,75356077.4,34.6
8-5-25,Andhra Pradesh,70286191.26,37.3
9-5-25,Andhra Pradesh,67722778.1,39.3
10-5-25,Andhra Pradesh,71075834.47,39.9
11-5-25,Andhra Pradesh,57167760.12,35.8
12-5-25,Andhra Pradesh,51580652.6,42.3
13-5-25,Andhra Pradesh,74059713.1,37
14-5-25,Andhra Pradesh,43940988.03,37.5
15-5-25,Andhra Pradesh,63479220.51,33.6
16-5-25,Andhra Pradesh,63063336.68,42.2
17-5-25,Andhra Pradesh,67416158.22,34.6
18-5-25,Andhra Pradesh,62531139.23,38.3
19-5-25,Andhra Pradesh,58985087,35.1
20-5-25,Andhra Pradesh,73111836.17,35.9
21-5-25,Andhra Pradesh,72123416.46,34.5
22-5-25,Andhra Pradesh,65084471.11,34.7
23-5-25,Andhra Pradesh,58327826.01,36.5
24-5-25,Andhra Pradesh,76798762.71,45.7
25-5-25,Andhra Pradesh,49090390.19,40.7
26-5-25,Andhra Pradesh,51120512.4,30.8
27-5-25,Andhra Pradesh,64423975.42,42.4
28-5-25,Andhra Pradesh,65739726.95,32.6
29-5-25,Andhra Pradesh,70378691.73,32.4
30-5-25,Andhra Pradesh,62477024.05,33.4
31-5-25,Andhra Pradesh,65737702.53,40.2
1-6-25,Andhra Pradesh,65397265.16,32.2
2-6-25,Andhra Pradesh,54967127.29,31.8
3-6-25,Andhra Pradesh,70354140.61,30.2
4-6-25,Andhra Pradesh,65801032.34,33.1
5-6-25,Andhra Pradesh,81059728.1,31.8
6-6-25,Andhra Pradesh,65982089.49,39.4
7-6-25,Andhra Pradesh,54338897.72,29.4
8-6-25,Andhra Pradesh,73078103.64,37.3
9-6-25,Andhra Pradesh,51907665.34,36.9
10-6-25,Andhra Pradesh,48461835.18,30.9
11-6-25,Andhra Pradesh,47083669.52,28.4
12-6-25,Andhra Pradesh,72885428.21,36
13-6-25,Andhra Pradesh,51646724.05,35.9
14-6-25,Andhra Pradesh,53810728.19,31.3
15-6-25,Andhra Pradesh,63903335.7,34.3
16-6-25,Andhra Pradesh,56190816.96,37.2
17-6-25,Andhra Pradesh,71003049.06,29.2
18-6-25,Andhra Pradesh,60563583.3,36.2
19-6-25,Andhra Pradesh,63615338.59,34.7
20-6-25,Andhra Pradesh,57714156.81,33.3
21-6-25,Andhra Pradesh,53843525.22,33
22-6-25,Andhra Pradesh,53572240.94,36.1
23-6-25,Andhra Pradesh,63437697.36,32.4
24-6-25,Andhra Pradesh,61111568.99,30.8
25-6-25,Andhra Pradesh,65252596.44,35.6
26-6-25,Andhra Pradesh,62730274.44,35.3
27-6-25,Andhra Pradesh,58079229.24,35.7
28-6-25,Andhra Pradesh,61547792.36,35.7
29-6-25,Andhra Pradesh,70781188.13,37.9
30-6-25,Andhra Pradesh,48299732.39,32.1
